id,est_index,bucket,pitch,pitch_name,start,end,duration,confidence,ref_index,ref_pitch,ref_start,onset_delta,pitch_delta
n0,0,already_correct_tp,60,C4,0.9181818181818181,1.1613636363636364,0.24318181818181828,0.722311,0,60,0.9088541666666666,0.00932765151515147,0
n1,1,already_correct_tp,65,F4,1.0795454545454546,1.218181818181818,0.13863636363636345,0.69553,1,65,1.0703125,0.009232954545454586,0
n2,2,already_correct_tp,65,F4,1.218181818181818,1.3818181818181818,0.1636363636363638,0.643141,2,65,1.2135416666666665,0.004640151515151514,0
n3,3,already_correct_tp,62,D4,1.509090909090909,1.6727272727272726,0.16363636363636358,0.837154,4,62,1.50390625,0.005184659090909038,0
n4,4,already_correct_tp,62,D4,1.6727272727272726,1.8113636363636363,0.13863636363636367,0.697142,5,62,1.6588541666666665,0.0138731060606061,0
n5,5,already_correct_tp,60,C4,1.7886363636363636,1.95,0.16136363636363638,0.709353,6,60,1.7838541666666665,0.004782196969697061,0
n6,6,already_correct_tp,58,A#3,1.95,2.2181818181818183,0.2681818181818183,0.574947,7,58,1.9427083333333333,0.007291666666666696,0
n7,7,already_correct_tp,58,A#3,2.2181818181818183,2.381818181818182,0.16363636363636358,0.741237,9,58,2.223958333333333,0.005776515151514783,0
n8,8,already_correct_tp,60,C4,2.370454545454545,2.5318181818181817,0.1613636363636366,0.723939,10,60,2.3671875,0.0032670454545451477,0
n9,9,already_correct_tp,62,D4,2.509090909090909,2.659090909090909,0.15000000000000036,0.733541,11,62,2.515625,0.006534090909091184,0
n10,12,already_correct_tp,72,C5,2.6363636363636362,3.0545454545454542,0.418181818181818,0.600173,13,72,2.63671875,0.0003551136363637575,0
n11,11,already_correct_tp,77,F5,2.775,2.9727272727272727,0.19772727272727275,0.584999,15,77,2.78125,0.006250000000000089,0
n12,10,already_correct_tp,65,F4,2.7886363636363636,2.9613636363636364,0.17272727272727284,0.550126,14,65,2.78125,0.00738636363636358,0
n13,13,already_correct_tp,58,A#3,3.193181818181818,3.402272727272727,0.209090909090909,0.687819,17,58,3.1979166666666665,0.004734848484848619,0
n14,14,already_correct_tp,72,C5,3.3568181818181815,3.495454545454545,0.13863636363636367,0.579588,18,72,3.3671875,0.010369318181818521,0
n15,15,already_correct_tp,62,D4,3.577272727272727,3.843181818181818,0.26590909090909065,0.635669,19,62,3.57421875,0.0030539772727271597,0
n16,16,already_correct_tp,70,A#4,3.6227272727272726,3.868181818181818,0.2454545454545456,0.528275,20,70,3.61328125,0.009446022727272574,0
n17,17,already_correct_tp,70,A#4,3.868181818181818,4.0204545454545455,0.15227272727272734,0.738636,22,70,3.859375,0.008806818181818166,0
n18,18,already_correct_tp,60,C4,3.995454545454545,4.2749999999999995,0.2795454545454543,0.539724,23,60,4.002604166666666,0.007149621212120927,0
n19,19,already_correct_tp,72,C5,4.031818181818181,4.345454545454546,0.3136363636363644,0.715699,24,72,4.033854166666666,0.002035984848484773,0
n20,20,already_correct_tp,60,C4,4.2749999999999995,4.659090909090909,0.3840909090909097,0.640124,25,60,4.282552083333333,0.00755208333333357,0
n21,21,already_correct_tp,70,A#4,4.425,4.693181818181818,0.2681818181818185,0.689614,26,70,4.428385416666666,0.003385416666666252,0
n22,22,already_correct_tp,69,A4,4.693181818181818,4.831818181818182,0.13863636363636367,0.692795,28,69,4.708333333333333,0.015151515151514694,0
n23,23,already_correct_tp,72,C5,4.715909090909091,4.868181818181818,0.15227272727272734,0.72593,29,72,4.712239583333333,0.003669507575757791,0
n24,25,already_correct_tp,67,G4,4.843181818181818,5.134090909090909,0.290909090909091,0.698475,30,67,4.842447916666666,0.0007339015151517359,0
n25,24,already_correct_tp,82,A#5,4.843181818181818,5.075,0.23181818181818237,0.49519,31,82,4.850260416666666,0.007078598484848264,0
n26,27,already_correct_tp,70,A#4,5.2727272727272725,5.540909090909091,0.2681818181818185,0.694664,37,70,5.268229166666666,0.0044981060606064105,0
n27,26,already_correct_tp,79,G5,5.2727272727272725,5.4818181818181815,0.209090909090909,0.452731,36,79,5.265625,0.007102272727272485,0
n28,28,already_correct_tp,69,A4,5.540909090909091,5.6909090909090905,0.14999999999999947,0.691134,41,69,5.537760416666666,0.0031486742424249314,0
n29,29,already_correct_tp,67,G4,5.668181818181818,5.806818181818182,0.13863636363636367,0.727749,42,67,5.6640625,0.004119318181817988,0
n30,30,already_correct_tp,76,E5,5.679545454545455,5.9363636363636365,0.25681818181818183,0.677375,43,76,5.666666666666666,0.0128787878787886,0
n31,31,already_correct_tp,67,G4,5.806818181818182,5.959090909090909,0.15227272727272734,0.687757,44,67,5.802083333333333,0.004734848484848619,0
n32,32,already_correct_tp,74,D5,5.922727272727273,6.052272727272727,0.12954545454545396,0.629516,47,74,5.94921875,0.02649147727272716,0
n33,33,already_correct_tp,65,F4,5.9363636363636365,6.0636363636363635,0.12727272727272698,0.552996,46,65,5.9453125,0.008948863636363491,0
n34,35,already_correct_tp,64,E4,6.086363636363636,6.3545454545454545,0.2681818181818185,0.437076,49,64,6.084635416666666,0.0017282196969699015,0
n35,34,already_correct_tp,72,C5,6.086363636363636,6.309090909090909,0.22272727272727266,0.570482,48,72,6.0859375,0.00042613636363597607,0
n36,36,already_correct_tp,60,C4,6.215909090909091,6.377272727272727,0.16136363636363615,0.683239,50,60,6.223958333333333,0.008049242424242209,0
n37,37,already_correct_tp,64,E4,6.3545454545454545,6.493181818181818,0.13863636363636367,0.64183,52,64,6.3515625,0.002982954545454497,0
n38,38,already_correct_tp,70,A#4,6.3545454545454545,6.504545454545454,0.14999999999999947,0.669765,54,70,6.360677083333333,0.00613162878787854,0
n39,39,already_correct_tp,65,F4,6.493181818181818,6.6454545454545455,0.15227272727272734,0.664556,56,65,6.498697916666666,0.005516098484847909,0
n40,40,already_correct_tp,69,A4,6.504545454545454,6.6454545454545455,0.14090909090909154,0.656124,55,69,6.5,0.004545454545453964,0
n41,41,already_correct_tp,67,G4,6.620454545454545,6.761363636363636,0.14090909090909065,0.627781,57,67,6.647135416666666,0.026680871212120927,0
n42,42,already_correct_tp,70,A#4,6.6454545454545455,6.784090909090909,0.13863636363636367,0.713977,58,70,6.638020833333333,0.007433712121212466,0
n43,43,already_correct_tp,57,A3,6.7727272727272725,6.922727272727272,0.14999999999999947,0.695955,60,57,6.765625,0.007102272727272485,0
n44,44,already_correct_tp,58,A#3,6.922727272727272,7.168181818181818,0.24545454545454604,0.652604,63,58,6.923177083333333,0.00044981060606108514,0
n45,45,already_correct_tp,69,A4,6.959090909090909,7.213636363636363,0.25454545454545396,0.575874,64,69,6.9609375,0.001846590909091006,0
n46,46,already_correct_tp,60,C4,7.213636363636363,7.377272727272727,0.16363636363636402,0.648845,67,60,7.209635416666666,0.004000946969696884,0
n47,47,already_correct_tp,67,G4,7.213636363636363,7.388636363636364,0.1750000000000007,0.66317,68,67,7.201822916666666,0.011813446969696884,0
n48,49,already_correct_tp,53,F3,7.377272727272727,7.806818181818182,0.4295454545454547,0.749886,70,53,7.37109375,0.006178977272726982,0
n49,48,already_correct_tp,65,F4,7.388636363636364,7.620454545454545,0.23181818181818148,0.41347,71,65,7.377604166666666,0.011032196969697594,0
n50,50,already_correct_tp,48,C3,7.66590909090909,7.875,0.20909090909090988,0.63944,72,48,7.669270833333333,0.0033617424242429195,0
n51,51,already_correct_tp,53,F3,7.806818181818182,8.075,0.26818181818181763,0.672615,73,53,7.80078125,0.006036931818181657,0
n52,52,already_correct_tp,52,E3,8.086363636363636,8.259090909090908,0.17272727272727195,0.640028,75,52,8.080729166666666,0.0056344696969699015,0
n53,53,already_correct_tp,60,C4,8.097727272727273,8.259090909090908,0.16136363636363527,0.683795,76,60,8.098958333333332,0.0012310606060594864,0
n54,55,already_correct_tp,57,A3,8.236363636363636,8.631818181818181,0.3954545454545446,0.695254,79,57,8.229166666666666,0.007196969696970257,0
n55,54,already_correct_tp,65,F4,8.236363636363636,8.388636363636364,0.15227272727272734,0.642938,77,65,8.231770833333332,0.004592803030304182,0
n56,56,already_correct_tp,65,F4,8.388636363636364,8.643181818181818,0.25454545454545396,0.400653,78,65,8.37890625,0.009730113636363669,0
n57,57,already_correct_tp,55,G3,8.504545454545454,8.677272727272728,0.17272727272727373,0.628801,81,55,8.502604166666666,0.0019412878787878896,0
n58,58,already_correct_tp,69,A4,8.60909090909091,8.759090909090908,0.14999999999999858,0.673675,82,69,8.639322916666666,0.030232007575756725,0
n59,62,already_correct_tp,53,F3,8.643181818181818,9.177272727272728,0.5340909090909101,0.613499,84,53,8.634114583333332,0.009067234848485484,0
n60,59,spurious_or_timing_fp,65,F4,8.643181818181818,8.852272727272727,0.209090909090909,0.376419,,,,,
n61,60,already_correct_tp,69,A4,8.770454545454545,8.956818181818182,0.1863636363636374,0.612512,83,69,8.76953125,0.0009232954545446148,0
n62,61,already_correct_tp,48,C3,8.922727272727272,9.061363636363636,0.13863636363636367,0.602071,86,48,8.919270833333332,0.003456439393939803,0
n63,65,already_correct_tp,57,A3,9.072727272727272,9.352272727272727,0.2795454545454543,0.76901,91,57,9.05859375,0.014133522727272307,0
n64,63,already_correct_tp,65,F4,9.072727272727272,9.211363636363636,0.13863636363636367,0.544996,88,65,9.061197916666666,0.011529356060606233,0
n65,64,already_correct_tp,77,F5,9.072727272727272,9.304545454545455,0.23181818181818237,0.495998,89,77,9.061197916666666,0.011529356060606233,0
n66,66,already_correct_tp,55,G3,9.31590909090909,9.454545454545453,0.13863636363636367,0.583651,92,55,9.3359375,0.020028409090910415,0
n67,67,uncorrectable_pitch_error_gt_2,57,A3,9.352272727272727,9.49090909090909,0.13863636363636367,0.618361,93,76,9.334635416666666,0.017637310606060552,19
n68,68,already_correct_tp,53,F3,9.49090909090909,9.73409090909091,0.24318181818181905,0.710288,95,53,9.475260416666666,0.01564867424242422,0
n69,70,already_correct_tp,48,C3,9.745454545454544,9.920454545454545,0.1750000000000007,0.682908,98,48,9.74609375,0.0006392045454557405,0
n70,69,uncorrectable_pitch_error_gt_2,60,C4,9.756818181818181,9.897727272727272,0.14090909090909065,0.518239,99,79,9.770833333333332,0.014015151515151203,19
n71,71,already_correct_tp,53,F3,9.909090909090908,10.129545454545454,0.22045454545454568,0.506892,100,53,9.895833333333332,0.013257575757576134,0
n72,72,already_correct_tp,77,F5,9.909090909090908,10.129545454545454,0.22045454545454568,0.306631,102,77,9.893229166666666,0.01586174242424221,0
n73,73,already_correct_tp,41,F2,9.920454545454545,10.165909090909091,0.24545454545454604,0.651272,101,41,9.901041666666666,0.019412878787878896,0
n74,74,already_correct_tp,76,E5,10.129545454545454,10.270454545454545,0.14090909090909065,0.641933,105,76,10.16015625,0.030610795454546036,0
n75,75,already_correct_tp,43,G2,10.304545454545455,10.49090909090909,0.18636363636363562,0.641337,110,43,10.294270833333332,0.010274621212122526,0
n76,76,already_correct_tp,76,E5,10.409090909090908,10.559090909090909,0.15000000000000036,0.660026,112,76,10.4375,0.028409090909091717,0
n77,77,already_correct_tp,74,D5,10.570454545454545,10.711363636363636,0.14090909090909065,0.640943,114,74,10.5703125,0.00014204545454532536,0
n78,82,already_correct_tp,48,C3,10.756818181818181,11.186363636363636,0.4295454545454547,0.608654,116,48,10.755208333333332,0.001609848484848797,0
n79,83,spurious_or_timing_fp,60,C4,10.756818181818181,11.186363636363636,0.4295454545454547,0.381188,,,,,
n80,81,already_correct_tp,72,C5,10.756818181818181,11.047727272727272,0.290909090909091,0.598701,117,72,10.75390625,0.002911931818180946,0
n81,79,already_correct_tp,76,E5,10.768181818181818,11.013636363636364,0.24545454545454604,0.563299,118,76,10.755208333333332,0.012973484848485484,0
n82,78,already_correct_tp,36,C2,10.779545454545454,10.954545454545453,0.17499999999999893,0.454342,115,36,10.766927083333332,0.01261837121212217,0
n83,80,spurious_or_timing_fp,43,G2,10.895454545454545,11.036363636363635,0.14090909090909065,0.455059,,,,,
n84,84,already_correct_tp,43,G2,11.047727272727272,11.290909090909091,0.24318181818181905,0.616906,119,43,11.048177083333332,0.00044981060606019696,0
n85,86,already_correct_tp,48,C3,11.186363636363636,11.46590909090909,0.2795454545454543,0.661696,120,48,11.184895833333332,0.0014678030303034717,0
n86,85,spurious_or_timing_fp,60,C4,11.186363636363636,11.454545454545453,0.26818181818181763,0.506334,,,,,
n87,87,already_correct_tp,47,B2,11.46590909090909,11.638636363636364,0.17272727272727373,0.629913,122,47,11.46484375,0.0010653409090899402,0
n88,88,already_correct_tp,55,G3,11.477272727272727,11.663636363636362,0.18636363636363562,0.592786,123,55,11.484375,0.007102272727273373,0
n89,89,already_correct_tp,60,C4,11.593181818181817,11.756818181818181,0.16363636363636402,0.698029,124,60,11.62109375,0.027911931818183078,0
n90,91,already_correct_tp,52,E3,11.627272727272727,12.036363636363635,0.4090909090909083,0.677716,126,52,11.6171875,0.010085227272726982,0
n91,90,spurious_or_timing_fp,64,E4,11.638636363636364,11.872727272727273,0.23409090909090935,0.401669,,,,,
n92,92,already_correct_tp,60,C4,11.768181818181818,12.047727272727272,0.2795454545454543,0.428884,125,60,11.76171875,0.006463068181817633,0
n93,93,already_correct_tp,50,D3,11.920454545454545,12.104545454545454,0.18409090909090864,0.579512,128,50,11.915364583333332,0.005089962121212821,0
n94,95,already_correct_tp,48,C3,12.047727272727272,12.406818181818181,0.35909090909090935,0.638311,131,48,12.04296875,0.004758522727271952,0
n95,97,spurious_or_timing_fp,60,C4,12.047727272727272,12.44090909090909,0.39318181818181763,0.378207,,,,,
n96,94,already_correct_tp,64,E4,12.047727272727272,12.268181818181818,0.22045454545454568,0.452567,129,64,12.03515625,0.012571022727271952,0
n97,96,already_correct_tp,43,G2,12.279545454545454,12.418181818181818,0.13863636363636367,0.458775,133,43,12.287760416666666,0.008214962121211755,0
n98,98,already_correct_tp,67,G4,12.290909090909091,12.46590909090909,0.17499999999999893,0.609042,132,67,12.290364583333332,0.0005445075757588569,0
n99,101,already_correct_tp,52,E3,12.44090909090909,12.85909090909091,0.41818181818181976,0.673247,139,52,12.438802083333332,0.002107007575757436,0
n100,99,already_correct_tp,60,C4,12.44090909090909,12.61590909090909,0.1750000000000007,0.589129,135,60,12.438802083333332,0.002107007575757436,0
n101,100,already_correct_tp,72,C5,12.454545454545453,12.663636363636362,0.209090909090909,0.470457,136,72,12.444010416666666,0.010535037878787179,0
n102,102,already_correct_tp,50,D3,12.709090909090909,12.929545454545455,0.22045454545454568,0.568521,140,50,12.712239583333332,0.003148674242423155,0
n103,104,already_correct_tp,48,C3,12.847727272727273,13.209090909090909,0.36136363636363633,0.674007,143,48,12.84375,0.003977272727272663,0
n104,107,spurious_or_timing_fp,60,C4,12.847727272727273,13.556818181818182,0.709090909090909,0.329858,,,,,
n105,103,already_correct_tp,76,E5,12.85909090909091,13.104545454545454,0.24545454545454426,0.571055,141,76,12.852864583333332,0.0062263257575772,0
n106,105,already_correct_tp,43,G2,13.079545454545453,13.23181818181818,0.15227272727272734,0.555806,145,43,13.0859375,0.0063920454545467464,0
n107,109,already_correct_tp,52,E3,13.26590909090909,13.661363636363635,0.3954545454545446,0.705263,150,52,13.251302083333332,0.014607007575758502,0
n108,106,already_correct_tp,84,C6,13.277272727272727,13.463636363636363,0.18636363636363562,0.275785,148,84,13.268229166666666,0.009043560606061263,0
n109,108,uncorrectable_pitch_error_gt_2,64,E4,13.418181818181818,13.602272727272727,0.18409090909090864,0.282754,149,84,13.40234375,0.015838068181817988,20
n110,111,already_correct_tp,48,C3,13.556818181818182,13.799999999999999,0.24318181818181728,0.663815,152,48,13.541666666666666,0.015151515151515582,0
n111,110,uncorrectable_pitch_error_gt_2,60,C4,13.556818181818182,13.695454545454545,0.13863636363636367,0.526653,151,83,13.540364583333332,0.016453598484849508,23
n112,112,already_correct_tp,81,A5,13.684090909090909,13.893181818181818,0.209090909090909,0.43764,153,81,13.677083333333332,0.00700757575757649,0
n113,113,already_correct_tp,53,F3,13.695454545454545,14.045454545454545,0.34999999999999964,0.684874,155,53,13.674479166666666,0.02097537878787925,0
n114,114,already_correct_tp,55,G3,13.963636363636363,14.138636363636364,0.1750000000000007,0.656634,157,55,13.962239583333332,0.001396780303030809,0
n115,115,already_correct_tp,57,A3,14.127272727272727,14.429545454545455,0.3022727272727277,0.671521,160,57,14.134114583333332,0.006841856060605167,0
n116,117,already_correct_tp,74,D5,14.336363636363636,14.613636363636363,0.27727272727272734,0.457729,161,74,14.346354166666666,0.009990530303030098,0
n117,116,already_correct_tp,59,B3,14.370454545454544,14.509090909090908,0.13863636363636367,0.617295,162,59,14.376302083333332,0.0058475378787878896,0
n118,119,already_correct_tp,72,C5,14.475,14.672727272727272,0.1977272727272723,0.349493,163,72,14.4765625,0.0015625000000003553,0
n119,118,already_correct_tp,57,A3,14.486363636363636,14.649999999999999,0.16363636363636225,0.530077,164,57,14.5234375,0.03707386363636367,0
n120,120,already_correct_tp,78,F#5,14.777272727272727,14.915909090909091,0.13863636363636367,0.63612,169,78,14.766927083333332,0.010345643939395188,0
n121,121,already_correct_tp,79,G5,15.009090909090908,15.184090909090909,0.1750000000000007,0.487027,172,79,15.0078125,0.0012784090909079282,0
n122,122,already_correct_tp,43,G2,15.020454545454545,15.334090909090909,0.3136363636363644,0.765506,171,43,15.01953125,0.0009232954545446148,0
n123,123,spurious_or_timing_fp,55,G3,15.020454545454545,15.334090909090909,0.3136363636363644,0.329552,,,,,
n124,124,uncorrectable_pitch_error_gt_2,43,G2,15.334090909090909,15.497727272727271,0.16363636363636225,0.542994,184,79,15.329427083333332,0.004663825757576845,36
n125,125,already_correct_tp,55,G3,15.334090909090909,15.509090909090908,0.17499999999999893,0.800662,188,55,15.325520833333332,0.008570075757576845,0
n126,126,uncorrectable_pitch_error_gt_2,43,G2,15.497727272727271,15.704545454545453,0.206818181818182,0.393569,175,65,15.486979166666666,0.010748106060605167,22
n127,127,already_correct_tp,71,B4,15.497727272727271,15.752272727272727,0.25454545454545574,0.550604,174,71,15.481770833333332,0.015956439393939092,0
n128,130,spurious_or_timing_fp,55,G3,15.509090909090908,16.577272727272728,1.0681818181818201,0.702931,,,,,
n129,128,already_correct_tp,62,D4,15.89090909090909,16.03181818181818,0.14090909090909065,0.575747,179,62,15.924479166666666,0.033570075757575424,0
n130,129,already_correct_tp,59,B3,16.286363636363635,16.427272727272726,0.14090909090909065,0.608067,185,59,16.325520833333332,0.039157196969696884,0
n131,131,already_correct_tp,77,F5,16.32272727272727,16.577272727272728,0.2545454545454575,0.476103,186,77,16.329427083333332,0.006699810606061618,0
n132,132,already_correct_tp,76,E5,16.577272727272728,16.71590909090909,0.1386363636363619,0.572274,189,76,16.592447916666664,0.01517518939393625,0
n133,133,already_correct_tp,60,C4,16.599999999999998,16.752272727272725,0.15227272727272734,0.557174,190,60,16.6015625,0.0015625000000021316,0
n134,134,already_correct_tp,67,G4,16.879545454545454,17.21590909090909,0.336363636363636,0.41865,192,67,16.87109375,0.008451704545453964,0
n135,139,already_correct_tp,43,G2,16.89090909090909,17.577272727272728,0.6863636363636374,0.652741,198,43,16.875,0.01590909090909065,0
n136,135,already_correct_tp,38,D2,16.925,17.286363636363635,0.36136363636363455,0.535467,194,38,16.881510416666664,0.04348958333333641,0
n137,138,uncorrectable_pitch_error_gt_2,31,G1,16.938636363636363,17.44772727272727,0.5090909090909079,0.503362,195,76,16.916666666666664,0.021969696969698305,45
n138,136,spurious_or_timing_fp,35,B1,16.972727272727273,17.34318181818182,0.37045454545454604,0.494655,,,,,
n139,137,already_correct_tp,67,G4,17.21590909090909,17.368181818181817,0.15227272727272734,0.416725,200,67,17.22265625,0.00674715909091006,0
n140,142,uncorrectable_pitch_error_gt_2,55,G3,17.320454545454545,18.425,1.1045454545454554,0.586213,201,71,17.342447916666664,0.021993371212118973,16
n141,140,already_correct_tp,62,D4,17.761363636363637,17.89090909090909,0.12954545454545396,0.595422,206,62,17.779947916666664,0.01858428030302761,0
n142,141,already_correct_tp,59,B3,18.170454545454543,18.320454545454545,0.15000000000000213,0.598731,212,59,18.19921875,0.028764204545456806,0
n143,143,already_correct_tp,77,F5,18.204545454545453,18.459090909090907,0.25454545454545396,0.549149,213,77,18.1953125,0.009232954545453254,0
n144,144,already_correct_tp,76,E5,18.459090909090907,18.599999999999998,0.14090909090909065,0.593123,216,76,18.454427083333332,0.0046638257575750686,0
n145,146,already_correct_tp,67,G4,18.738636363636363,19.179545454545455,0.44090909090909136,0.410847,218,67,18.723958333333332,0.014678030303031164,0
n146,150,already_correct_tp,43,G2,18.75,19.30681818181818,0.5568181818181799,0.652639,224,43,18.735677083333332,0.014322916666667851,0
n147,148,already_correct_tp,38,D2,18.761363636363637,19.21363636363636,0.4522727272727245,0.560056,221,38,18.739583333333332,0.021780303030304538,0
n148,147,already_correct_tp,31,G1,18.772727272727273,19.21363636363636,0.4409090909090878,0.464723,220,31,18.73828125,0.03444602272727337,0
n149,145,spurious_or_timing_fp,35,B1,18.820454545454545,19.097727272727273,0.27727272727272734,0.432794,,,,,
n150,149,already_correct_tp,84,C6,19.052272727272726,19.295454545454543,0.24318181818181728,0.374536,227,84,19.046875,0.005397727272725916,0
n151,151,already_correct_tp,69,A4,19.44772727272727,19.586363636363636,0.13863636363636545,0.6373,231,69,19.4375,0.010227272727270531,0
n152,152,already_correct_tp,67,G4,19.575,19.772727272727273,0.19772727272727408,0.600462,233,67,19.572916666666664,0.0020833333333349913,0
n153,153,already_correct_tp,72,C5,19.829545454545453,19.970454545454544,0.14090909090909065,0.631347,236,72,19.848958333333332,0.019412878787878896,0
n154,154,already_correct_tp,76,E5,19.829545454545453,19.970454545454544,0.14090909090909065,0.589531,238,76,19.842447916666664,0.012902462121211045,0
n155,155,already_correct_tp,74,D5,19.993181818181817,20.25,0.2568181818181827,0.404113,239,74,19.993489583333332,0.0003077651515148716,0
n156,156,already_correct_tp,67,G4,20.25,20.4,0.14999999999999858,0.590686,246,67,20.251302083333332,0.001302083333332149,0
n157,157,already_correct_tp,74,D5,20.25,20.411363636363635,0.16136363636363527,0.635255,245,74,20.25,0.0,0
n158,159,already_correct_tp,60,C4,20.470454545454544,20.888636363636362,0.418181818181818,0.671726,248,60,20.475260416666664,0.004805871212120394,0
n159,158,already_correct_tp,76,E5,20.48181818181818,20.770454545454545,0.288636363636364,0.627813,249,76,20.46875,0.013068181818180591,0
n160,163,already_correct_tp,55,G3,20.784090909090907,22.038636363636364,1.2545454545454575,0.688449,265,55,20.78125,0.002840909090906507,0
n161,160,already_correct_tp,71,B4,20.93409090909091,21.2,0.26590909090909065,0.546119,251,71,20.94140625,0.007315340909091361,0
n162,161,already_correct_tp,62,D4,21.409090909090907,21.55,0.1409090909090942,0.60698,257,62,21.403645833333332,0.005445075757574358,0
n163,162,already_correct_tp,60,C4,21.629545454545454,21.793181818181818,0.16363636363636402,0.571608,260,60,21.666666666666664,0.037121212121210334,0
n164,164,already_correct_tp,77,F5,21.804545454545455,22.061363636363634,0.25681818181817917,0.436801,262,77,21.80078125,0.0037642045454546746,0
n165,165,already_correct_tp,60,C4,22.038636363636364,22.188636363636363,0.14999999999999858,0.563595,267,60,22.071614583333332,0.032978219696968125,0
n166,166,already_correct_tp,76,E5,22.07272727272727,22.224999999999998,0.15227272727272734,0.552586,266,76,22.065104166666664,0.007623106060606233,0
n167,167,spurious_or_timing_fp,43,G2,22.188636363636363,22.34090909090909,0.15227272727272734,0.383103,,,,,
n168,172,already_correct_tp,31,G1,22.31590909090909,22.793181818181818,0.4772727272727266,0.438742,268,31,22.3515625,0.03565340909090864,0
n169,168,already_correct_tp,43,G2,22.352272727272727,22.677272727272726,0.3249999999999993,0.702017,274,43,22.33984375,0.012428977272726627,0
n170,170,already_correct_tp,67,G4,22.352272727272727,22.73409090909091,0.3818181818181827,0.382017,269,67,22.342447916666664,0.009824810606062329,0
n171,169,already_correct_tp,38,D2,22.375,22.722727272727273,0.34772727272727266,0.532575,270,38,22.345052083333332,0.02994791666666785,0
n172,171,spurious_or_timing_fp,35,B1,22.43409090909091,22.745454545454546,0.3113636363636374,0.461883,,,,,
n173,174,uncorrectable_pitch_error_gt_2,43,G2,22.677272727272726,23.084090909090907,0.4068181818181813,0.556546,287,79,22.662760416666664,0.014512310606061618,36
n174,175,already_correct_tp,55,G3,22.7,23.886363636363637,1.1863636363636374,0.611877,290,55,22.653645833333332,0.04635416666666714,0
n175,173,already_correct_tp,71,B4,22.804545454545455,23.05909090909091,0.25454545454545396,0.437488,278,71,22.802083333333332,0.0024621212121225255,0
n176,176,already_correct_tp,77,F5,23.674999999999997,23.93181818181818,0.2568181818181827,0.546236,289,77,23.666666666666664,0.00833333333333286,0
n177,177,already_correct_tp,76,E5,23.93181818181818,24.070454545454545,0.13863636363636545,0.582891,293,76,23.93359375,0.0017755681818201197,0
n178,178,already_correct_tp,60,C4,23.943181818181817,24.095454545454544,0.15227272727272734,0.619674,292,60,23.940104166666664,0.0030776515151522688,0
n179,185,already_correct_tp,43,G2,24.211363636363636,24.813636363636363,0.6022727272727266,0.669984,300,43,24.204427083333332,0.006936553030303827,0
n180,182,already_correct_tp,67,G4,24.211363636363636,24.64090909090909,0.4295454545454547,0.410143,294,67,24.205729166666664,0.005634469696971678,0
n181,179,already_correct_tp,71,B4,24.222727272727273,24.384090909090908,0.16136363636363527,0.329446,296,71,24.209635416666664,0.013091856060608364,0
n182,183,already_correct_tp,38,D2,24.23409090909091,24.652272727272727,0.418181818181818,0.538072,298,38,24.209635416666664,0.02445549242424505,0
n183,181,spurious_or_timing_fp,31,G1,24.279545454545453,24.629545454545454,0.3500000000000014,0.461228,,,,,
n184,180,spurious_or_timing_fp,35,B1,24.279545454545453,24.536363636363635,0.2568181818181827,0.464994,,,,,
n185,184,already_correct_tp,84,C6,24.511363636363637,24.768181818181816,0.25681818181817917,0.371518,303,84,24.51953125,0.008167613636363313,0
n186,186,already_correct_tp,69,A4,24.94090909090909,25.081818181818182,0.14090909090909065,0.643253,307,69,24.924479166666664,0.016429924242427063,0
n187,187,already_correct_tp,67,G4,25.081818181818182,25.243181818181817,0.16136363636363527,0.63165,309,67,25.0703125,0.011505681818182012,0
n188,188,already_correct_tp,74,D5,25.720454545454544,25.861363636363635,0.14090909090909065,0.625069,322,74,25.740885416666664,0.020430871212120394,0
n189,189,already_correct_tp,60,C4,25.90681818181818,26.186363636363634,0.27954545454545254,0.721561,324,60,25.920572916666664,0.013754734848482997,0
n190,190,already_correct_tp,52,E3,26.186363636363634,26.325,0.13863636363636545,0.690683,325,52,26.19140625,0.0050426136363661556,0
n191,191,spurious_or_timing_fp,60,C4,26.186363636363634,26.325,0.13863636363636545,0.562064,,,,,
n192,192,already_correct_tp,72,C5,26.186363636363634,26.46363636363636,0.27727272727272734,0.506261,326,72,26.188802083333332,0.0024384469696983047,0
n193,193,already_correct_tp,53,F3,26.325,26.568181818181817,0.24318181818181728,0.644272,327,53,26.325520833333332,0.0005208333333328596,0
n194,194,already_correct_tp,62,D4,26.474999999999998,26.638636363636362,0.16363636363636402,0.655869,329,62,26.471354166666664,0.00364583333333357,0
n195,195,already_correct_tp,57,A3,26.604545454545452,26.754545454545454,0.15000000000000213,0.636071,330,57,26.592447916666664,0.012097537878787534,0
n196,196,already_correct_tp,69,A4,26.61590909090909,26.870454545454542,0.25454545454545396,0.405138,332,69,26.610677083333332,0.00523200757575637,0
n197,197,already_correct_tp,55,G3,26.743181818181817,26.974999999999998,0.2318181818181806,0.610592,333,55,26.73828125,0.0049005681818172775,0
n198,198,already_correct_tp,59,B3,26.88181818181818,27.020454545454545,0.13863636363636545,0.651069,335,59,26.880208333333332,0.0016098484848470207,0
n199,199,already_correct_tp,52,E3,26.96363636363636,27.125,0.16136363636363882,0.55143,336,52,27.0,0.03636363636363882,0
n200,200,already_correct_tp,60,C4,27.020454545454545,27.288636363636364,0.2681818181818194,0.46909,337,60,27.014322916666664,0.006131628787880317,0
n201,201,already_correct_tp,53,F3,27.161363636363635,27.32272727272727,0.16136363636363527,0.644188,339,53,27.157552083333332,0.0038115530303031164,0
n202,204,already_correct_tp,62,D4,27.161363636363635,27.438636363636363,0.27727272727272734,0.446451,341,62,27.15625,0.0051136363636352655,0
n203,202,already_correct_tp,64,E4,27.277272727272727,27.41590909090909,0.1386363636363619,0.563379,343,64,27.286458333333332,0.009185606060604812,0
n204,203,already_correct_tp,60,C4,27.288636363636364,27.438636363636363,0.14999999999999858,0.655531,342,60,27.286458333333332,0.002178030303031875,0
n205,206,already_correct_tp,55,G3,27.438636363636363,27.636363636363637,0.19772727272727408,0.590399,344,55,27.432291666666664,0.006344696969698305,0
n206,205,already_correct_tp,59,B3,27.438636363636363,27.625,0.1863636363636374,0.591822,345,59,27.438802083333332,0.00016571969696954625,0
n207,207,already_correct_tp,62,D4,27.438636363636363,27.636363636363637,0.19772727272727408,0.622415,346,62,27.430989583333332,0.007646780303030454,0
n208,210,already_correct_tp,48,C3,27.695454545454545,28.461363636363636,0.7659090909090907,0.479403,349,48,27.692708333333332,0.0027462121212131763,0
n209,209,already_correct_tp,36,C2,27.706818181818182,28.45,0.7431818181818173,0.717548,347,36,27.69921875,0.007599431818182012,0
n210,208,already_correct_tp,60,C4,27.706818181818182,28.288636363636364,0.581818181818182,0.466076,348,60,27.696614583333332,0.010203598484849863,0
n211,212,already_correct_tp,45,A2,28.565909090909088,29.275,0.7090909090909108,0.579008,354,45,28.60546875,0.03955965909091219,0
n212,216,already_correct_tp,33,A1,28.602272727272727,29.543181818181818,0.9409090909090914,0.501125,353,33,28.61328125,0.011008522727273373,0
n213,215,already_correct_tp,40,E2,28.625,29.518181818181816,0.8931818181818159,0.684541,355,40,28.6171875,0.0078125,0
n214,211,already_correct_tp,69,A4,29.054545454545455,29.193181818181817,0.1386363636363619,0.542863,360,69,29.052083333333332,0.0024621212121225255,0
n215,214,already_correct_tp,69,A4,29.193181818181817,29.461363636363636,0.2681818181818194,0.611196,363,69,29.192708333333332,0.00047348484848441785,0
n216,213,already_correct_tp,74,D5,29.297727272727272,29.45,0.15227272727272734,0.529367,365,74,29.296875,0.0008522727272719521,0
n217,224,already_correct_tp,69,A4,29.461363636363636,30.345454545454544,0.8840909090909079,0.590761,377,69,29.44921875,0.012144886363635976,0
n218,217,already_correct_tp,73,C#5,29.461363636363636,29.599999999999998,0.1386363636363619,0.555807,367,73,29.453125,0.008238636363635976,0
n219,218,already_correct_tp,57,A3,29.565909090909088,29.738636363636363,0.1727272727272755,0.637595,368,57,29.559895833333332,0.0060132575757556594,0
n220,219,already_correct_tp,76,E5,29.845454545454544,29.995454545454542,0.14999999999999858,0.563479,374,76,29.880208333333332,0.034753787878788245,0
n221,220,already_correct_tp,64,E4,29.868181818181817,30.020454545454545,0.15227272727272734,0.605843,372,64,29.865885416666664,0.0022964015151529793,0
n222,223,already_correct_tp,57,A3,30.03181818181818,30.345454545454544,0.3136363636363626,0.46679,375,57,30.02734375,0.004474431818181301,0
n223,221,already_correct_tp,62,D4,30.136363636363633,30.286363636363635,0.15000000000000213,0.559447,376,62,30.162760416666664,0.026396780303031164,0
n224,222,already_correct_tp,77,F5,30.14772727272727,30.286363636363635,0.13863636363636545,0.615045,379,77,30.170572916666664,0.022845643939394478,0
n225,226,already_correct_tp,61,C#4,30.320454545454545,30.48409090909091,0.16363636363636402,0.642209,380,61,30.3203125,0.00014204545454532536,0
n226,225,uncorrectable_pitch_error_gt_2,57,A3,30.345454545454544,30.48409090909091,0.13863636363636545,0.726671,383,79,30.33203125,0.013423295454543904,22
n227,228,already_correct_tp,69,A4,30.345454545454544,30.71590909090909,0.37045454545454604,0.512017,384,69,30.338541666666664,0.006912878787879606,0
n228,227,already_correct_tp,57,A3,30.48409090909091,30.645454545454545,0.16136363636363527,0.666183,382,57,30.477864583333332,0.0062263257575772,0
n229,229,already_correct_tp,62,D4,30.62272727272727,30.761363636363633,0.1386363636363619,0.634306,385,62,30.62109375,0.0016335227272712416,0
n230,230,already_correct_tp,77,F5,30.62272727272727,30.902272727272727,0.2795454545454561,0.497112,387,77,30.618489583333332,0.0042376893939390925,0
n231,231,already_correct_tp,55,G3,30.775,30.91363636363636,0.1386363636363619,0.622238,388,55,30.772135416666664,0.0028645833333342807,0
n232,232,already_correct_tp,70,A#4,30.775,30.98409090909091,0.20909090909091077,0.617134,390,70,30.776041666666664,0.0010416666666657193,0
n233,233,already_correct_tp,57,A3,30.924999999999997,31.063636363636363,0.13863636363636545,0.65799,391,57,30.920572916666664,0.00442708333333286,0
n234,234,already_correct_tp,58,A#3,31.063636363636363,31.21590909090909,0.15227272727272734,0.651329,395,58,31.063802083333332,0.00016571969696954625,0
n235,235,already_correct_tp,74,D5,31.063636363636363,31.227272727272727,0.16363636363636402,0.566657,397,74,31.05859375,0.005042613636362603,0
n236,237,already_correct_tp,57,A3,31.227272727272727,31.48181818181818,0.25454545454545396,0.666856,398,57,31.21484375,0.012428977272726627,0
n237,238,already_correct_tp,69,A4,31.227272727272727,31.48181818181818,0.25454545454545396,0.461651,399,69,31.21875,0.008522727272726627,0
n238,236,already_correct_tp,73,C#5,31.238636363636363,31.459090909090907,0.2204545454545439,0.590149,402,73,31.229166666666664,0.009469696969699015,0
n239,240,already_correct_tp,55,G3,31.36590909090909,31.668181818181818,0.30227272727272947,0.440267,401,55,31.35546875,0.010440340909088519,0
n240,239,already_correct_tp,53,F3,31.518181818181816,31.668181818181818,0.15000000000000213,0.6912,404,53,31.501302083333332,0.016879734848483707,0
n241,241,already_correct_tp,77,F5,31.529545454545453,31.679545454545455,0.15000000000000213,0.580135,406,77,31.515625,0.013920454545452543,0
n242,244,already_correct_tp,55,G3,31.668181818181818,31.831818181818182,0.16363636363636402,0.606192,407,55,31.658854166666664,0.00932765151515369,0
n243,243,already_correct_tp,70,A#4,31.679545454545455,31.820454545454545,0.14090909090909065,0.654304,408,70,31.669270833333332,0.010274621212122526,0
n244,242,already_correct_tp,77,F5,31.679545454545455,31.80909090909091,0.12954545454545396,0.45615,411,77,31.669270833333332,0.010274621212122526,0
n245,245,already_correct_tp,57,A3,31.820454545454545,31.959090909090907,0.1386363636363619,0.662348,410,57,31.82421875,0.0037642045454546746,0
n246,246,already_correct_tp,76,E5,31.820454545454545,31.970454545454544,0.14999999999999858,0.536546,412,76,31.826822916666664,0.006368371212118973,0
n247,248,already_correct_tp,74,D5,31.959090909090907,32.13409090909091,0.1750000000000007,0.627447,414,74,31.962239583333332,0.0031486742424249314,0
n248,247,already_correct_tp,58,A#3,31.970454545454544,32.111363636363635,0.14090909090909065,0.689014,413,58,31.97265625,0.0022017045454560957,0
n249,250,already_correct_tp,57,A3,32.15681818181818,32.35454545454545,0.19772727272727053,0.635365,415,57,32.125,0.0318181818181813,0
n250,249,already_correct_tp,69,A4,32.15681818181818,32.33181818181818,0.17499999999999716,0.54007,416,69,32.151041666666664,0.005776515151517003,0
n251,252,already_correct_tp,73,C#5,32.15681818181818,32.377272727272725,0.2204545454545439,0.581115,418,73,32.15364583333333,0.003172348484852705,0
n252,251,already_correct_tp,76,E5,32.15681818181818,32.35454545454545,0.19772727272727053,0.394577,419,76,32.15234375,0.004474431818181301,0
n253,253,already_correct_tp,55,G3,32.26136363636363,32.41136363636363,0.14999999999999858,0.643554,417,55,32.26692708333333,0.0055634469696954625,0
n254,254,already_correct_tp,53,F3,32.425,32.56363636363636,0.13863636363636545,0.655025,420,53,32.41927083333333,0.0057291666666685614,0
n255,255,already_correct_tp,77,F5,32.43636363636364,32.59772727272727,0.1613636363636317,0.454206,422,77,32.432291666666664,0.004071969696973099,0
n256,256,already_correct_tp,55,G3,32.574999999999996,32.725,0.15000000000000568,0.567032,423,55,32.57552083333333,0.0005208333333328596,0
n257,257,already_correct_tp,77,F5,32.59772727272727,32.76136363636363,0.16363636363636402,0.612354,426,77,32.59895833333333,0.0012310606060594864,0
n258,258,already_correct_tp,57,A3,32.75,32.9,0.14999999999999858,0.638534,427,57,32.76302083333333,0.013020833333328596,0
n259,260,already_correct_tp,74,D5,32.888636363636365,33.179545454545455,0.29090909090908923,0.535719,429,74,32.88802083333333,0.0006155303030368486,0
n260,259,already_correct_tp,58,A#3,32.9,33.06363636363636,0.16363636363636402,0.670547,430,58,32.897135416666664,0.0028645833333342807,0
n261,263,already_correct_tp,57,A3,33.09772727272727,33.71363636363636,0.6159090909090921,0.654447,441,57,33.09114583333333,0.006581439393940514,0
n262,261,already_correct_tp,77,F5,33.179545454545455,33.32954545454545,0.14999999999999858,0.559826,433,77,33.171875,0.007670454545454675,0
n263,262,already_correct_tp,77,F5,33.32954545454545,33.47954545454545,0.14999999999999858,0.538174,435,77,33.322916666666664,0.006628787878788955,0
n264,264,already_correct_tp,77,F5,33.47954545454545,33.71363636363636,0.23409090909090935,0.440081,437,77,33.467447916666664,0.012097537878787534,0
n265,265,uncorrectable_pitch_error_gt_2,45,A2,33.643181818181816,33.877272727272725,0.23409090909090935,0.696879,440,76,33.65234375,0.009161931818184144,31
n266,267,already_correct_tp,70,A#4,33.92272727272727,34.16590909090909,0.24318181818181728,0.441813,443,70,33.92317708333333,0.00044981060605664425,0
n267,266,uncorrectable_pitch_error_gt_2,46,A#2,33.99318181818182,34.143181818181816,0.14999999999999858,0.405409,445,77,33.98046875,0.012713068181817277,31
n268,268,already_correct_tp,70,A#4,34.16590909090909,34.47954545454545,0.3136363636363626,0.78151,448,70,34.17317708333333,0.007267992424239367,0
n269,269,already_correct_tp,75,D#5,34.32954545454545,34.50454545454545,0.17499999999999716,0.650309,449,75,34.328125,0.0014204545454532536,0
n270,270,already_correct_tp,79,G5,34.32954545454545,34.56136363636364,0.23181818181818414,0.461574,450,79,34.3359375,0.0063920454545467464,0
n271,271,already_correct_tp,70,A#4,34.47954545454545,34.643181818181816,0.16363636363636402,0.774309,451,70,34.475260416666664,0.004285037878787534,0
n272,273,already_correct_tp,77,F5,34.47954545454545,34.725,0.2454545454545496,0.515924,453,77,34.475260416666664,0.004285037878787534,0
n273,272,already_correct_tp,74,D5,34.50454545454545,34.711363636363636,0.20681818181818556,0.498481,452,74,34.49348958333333,0.011055871212121815,0
n274,276,already_correct_tp,70,A#4,34.643181818181816,34.92045454545455,0.2772727272727309,0.693184,454,70,34.6328125,0.010369318181815856,0
n275,274,already_correct_tp,72,C5,34.74772727272727,34.88636363636363,0.13863636363636545,0.533455,455,72,34.73958333333333,0.008143939393939092,0
n276,275,already_correct_tp,75,D#5,34.77045454545454,34.90909090909091,0.13863636363636545,0.606657,456,75,34.76692708333333,0.0035274621212124657,0
n277,277,already_correct_tp,68,G#4,34.90909090909091,35.05,0.14090909090909065,0.565439,457,68,34.908854166666664,0.00023674242424220893,0
n278,278,already_correct_tp,74,D5,34.90909090909091,35.095454545454544,0.1863636363636374,0.605577,458,74,34.89192708333333,0.01716382575757791,0
n279,281,already_correct_tp,70,A#4,34.92045454545455,35.35,0.4295454545454547,0.661229,467,70,34.90755208333333,0.01290246212121815,0
n280,279,already_correct_tp,58,A#3,35.038636363636364,35.199999999999996,0.1613636363636317,0.650158,459,58,35.033854166666664,0.004782196969699726,0
n281,280,already_correct_tp,67,G4,35.16590909090909,35.31590909090909,0.14999999999999858,0.650614,460,67,35.19270833333333,0.026799242424239367,0
n282,282,already_correct_tp,65,F4,35.33863636363636,35.47954545454545,0.14090909090909065,0.596949,463,65,35.328125,0.010511363636361182,0
n283,283,uncorrectable_pitch_error_gt_2,70,A#4,35.35,35.60681818181818,0.2568181818181756,0.434688,464,74,35.35546875,0.005468749999998579,4
n284,284,already_correct_tp,58,A#3,35.47954545454545,35.61818181818182,0.13863636363636545,0.624429,466,58,35.46875,0.010795454545451832,0
n285,285,uncorrectable_pitch_error_gt_2,70,A#4,35.60681818181818,35.75909090909091,0.1522727272727309,0.388405,470,75,35.60677083333333,4.7348484848441785e-05,5
n286,286,already_correct_tp,77,F5,35.75681818181818,35.89772727272727,0.14090909090909065,0.480865,473,77,35.752604166666664,0.004214015151518424,0
n287,288,uncorrectable_pitch_error_gt_2,58,A#3,35.75909090909091,35.92045454545455,0.16136363636363882,0.675679,476,80,35.756510416666664,0.00258049242424363,22
n288,287,already_correct_tp,62,D4,35.75909090909091,35.90909090909091,0.14999999999999858,0.641182,471,62,35.75390625,0.005184659090907928,0
n289,289,already_correct_tp,70,A#4,35.75909090909091,35.95681818181818,0.19772727272727053,0.626466,472,70,35.76302083333333,0.003929924242420668,0
n290,290,already_correct_tp,58,A#3,35.92045454545455,36.11818181818182,0.19772727272727053,0.615487,475,58,35.91927083333333,0.00118371212121815,0
n291,291,already_correct_tp,63,D#4,36.03636363636363,36.17727272727272,0.14090909090909065,0.563174,477,63,36.05598958333333,0.019625946969696884,0
n292,292,already_correct_tp,79,G5,36.05,36.211363636363636,0.16136363636363882,0.56213,479,79,36.05989583333333,0.009895833333331439,0
n293,294,already_correct_tp,56,G#3,36.211363636363636,36.361363636363635,0.14999999999999858,0.644137,480,56,36.20442708333333,0.00693655303030738,0
n294,295,already_correct_tp,72,C5,36.211363636363636,36.44318181818181,0.23181818181817704,0.639731,482,72,36.20833333333333,0.0030303030303073797,0
n295,293,already_correct_tp,79,G5,36.211363636363636,36.35,0.13863636363636545,0.413872,483,79,36.205729166666664,0.005634469696971678,0
n296,296,already_correct_tp,58,A#3,36.361363636363635,36.502272727272725,0.14090909090909065,0.669853,484,58,36.36067708333333,0.0006865530303059586,0
n297,297,already_correct_tp,77,F5,36.361363636363635,36.502272727272725,0.14090909090909065,0.571397,485,77,36.35677083333333,0.004592803030305959,0
n298,298,already_correct_tp,75,D#5,36.465909090909086,36.61818181818182,0.1522727272727309,0.616959,486,75,36.494791666666664,0.02888257575757791,0
n299,299,already_correct_tp,60,C4,36.51363636363636,36.652272727272724,0.13863636363636545,0.654261,487,60,36.51302083333333,0.0006155303030297432,0
n300,301,already_correct_tp,58,A#3,36.663636363636364,36.81590909090909,0.15227272727272378,0.679723,490,58,36.66015625,0.003480113636364024,0
n301,300,already_correct_tp,74,D5,36.663636363636364,36.804545454545455,0.14090909090909065,0.64169,491,74,36.647135416666664,0.016500946969699726,0
n302,302,already_correct_tp,77,F5,36.663636363636364,36.88409090909091,0.2204545454545439,0.382119,493,77,36.65625,0.007386363636364024,0
n303,304,already_correct_tp,56,G#3,36.804545454545455,37.11590909090909,0.3113636363636374,0.508232,492,56,36.799479166666664,0.0050662878787903765,0
n304,303,spurious_or_timing_fp,75,D#5,36.804545454545455,37.08181818181818,0.2772727272727238,0.368153,,,,,
n305,305,already_correct_tp,79,G5,37.10454545454545,37.24545454545454,0.14090909090909065,0.363946,500,79,37.108072916666664,0.0035274621212124657,0
n306,306,already_correct_tp,56,G#3,37.11590909090909,37.29090909090909,0.17499999999999716,0.706955,497,56,37.109375,0.006534090909092072,0
n307,307,already_correct_tp,72,C5,37.11590909090909,37.29090909090909,0.17499999999999716,0.703143,504,72,37.109375,0.006534090909092072,0
n308,308,spurious_or_timing_fp,60,C4,37.220454545454544,37.40681818181818,0.1863636363636374,0.341232,,,,,
n309,309,already_correct_tp,58,A#3,37.279545454545456,37.570454545454545,0.29090909090908923,0.415715,499,58,37.272135416666664,0.0074100378787917975,0
n310,311,uncorrectable_pitch_error_gt_2,72,C5,37.29090909090909,37.58181818181818,0.29090909090908923,0.472856,501,77,37.2734375,0.01747159090908923,5
n311,310,already_correct_tp,60,C4,37.418181818181814,37.570454545454545,0.1522727272727309,0.637619,503,60,37.421875,0.0036931818181855647,0
n312,313,already_correct_tp,58,A#3,37.570454545454545,37.74318181818182,0.17272727272727195,0.657039,505,58,37.55859375,0.011860795454545325,0
n313,314,already_correct_tp,77,F5,37.570454545454545,37.80227272727272,0.23181818181817704,0.386546,508,77,37.56770833333333,0.002746212121216729,0
n314,312,already_correct_tp,74,D5,37.58181818181818,37.720454545454544,0.13863636363636545,0.622877,506,74,37.56770833333333,0.014109848484849863,0
n315,315,already_correct_tp,56,G#3,37.73181818181818,37.87272727272727,0.14090909090909065,0.734271,507,56,37.717447916666664,0.01437026515151274,0
n316,316,already_correct_tp,55,G3,37.89545454545454,38.03636363636363,0.14090909090909065,0.632721,509,55,37.881510416666664,0.013944128787876764,0
n317,318,already_correct_tp,56,G#3,38.070454545454545,38.23181818181818,0.1613636363636317,0.683007,513,56,38.061197916666664,0.009256628787881027,0
n318,319,already_correct_tp,72,C5,38.070454545454545,38.361363636363635,0.29090909090908923,0.621756,515,72,38.069010416666664,0.0014441287878810272,0
n319,317,already_correct_tp,79,G5,38.070454545454545,38.220454545454544,0.14999999999999858,0.395568,514,79,38.07552083333333,0.005066287878783271,0
n320,320,already_correct_tp,77,F5,38.24545454545454,38.38409090909091,0.13863636363636545,0.465531,517,77,38.244791666666664,0.000662878787878185,0
n321,321,already_correct_tp,58,A#3,38.25681818181818,38.418181818181814,0.1613636363636317,0.672662,516,58,38.25,0.0068181818181827225,0
n322,323,already_correct_tp,75,D#5,38.429545454545455,38.675,0.24545454545454248,0.528567,519,75,38.432291666666664,0.0027462121212096235,0
n323,322,already_correct_tp,60,C4,38.44090909090909,38.60454545454545,0.16363636363636402,0.623458,518,60,38.44270833333333,0.0017992424242407878,0
n324,326,already_correct_tp,58,A#3,38.75454545454545,39.35909090909091,0.6045454545454589,0.709783,520,58,38.760416666666664,0.005871212121213887,0
n325,324,already_correct_tp,74,D5,38.75454545454545,39.277272727272724,0.5227272727272734,0.576113,521,74,38.75,0.004545454545450411,0
n326,325,spurious_or_timing_fp,46,A#2,38.90681818181818,39.288636363636364,0.3818181818181827,0.459738,,,,,
n327,327,already_correct_tp,46,A#2,39.3,39.46363636363636,0.16363636363636402,0.637177,523,46,39.303385416666664,0.0033854166666671404,0
n328,329,already_correct_tp,51,D#3,39.475,39.73181818181818,0.2568181818181756,0.721242,524,51,39.46484375,0.010156250000001421,0
n329,328,spurious_or_timing_fp,63,D#4,39.475,39.67272727272727,0.19772727272727053,0.296713,,,,,
n330,332,already_correct_tp,50,D3,39.73181818181818,39.918181818181814,0.1863636363636374,0.644392,526,50,39.73828125,0.006463068181822962,0
n331,330,spurious_or_timing_fp,62,D4,39.73181818181818,39.87045454545454,0.13863636363636545,0.507168,,,,,
n332,331,already_correct_tp,58,A#3,39.76590909090909,39.90681818181818,0.14090909090909065,0.664698,527,58,39.76692708333333,0.0010179924242379457,0
n333,334,already_correct_tp,55,G3,39.89545454545454,40.3,0.4045454545454561,0.676528,530,55,39.897135416666664,0.001680871212123236,0
n334,333,already_correct_tp,63,D#4,39.90681818181818,40.17272727272727,0.26590909090909065,0.599864,528,63,39.89973958333333,0.007078598484852705,0
n335,335,already_correct_tp,62,D4,40.184090909090905,40.324999999999996,0.14090909090909065,0.646149,531,62,40.19140625,0.007315340909094914,0
n336,336,already_correct_tp,53,F3,40.195454545454545,40.336363636363636,0.14090909090909065,0.650667,532,53,40.18880208333333,0.006652462121216729,0
n337,339,already_correct_tp,51,D#3,40.31136363636364,40.61363636363636,0.30227272727272236,0.726722,535,51,40.3125,0.0011363636363626028,0
n338,337,spurious_or_timing_fp,63,D#4,40.324999999999996,40.52045454545454,0.19545454545454533,0.421335,,,,,
n339,338,already_correct_tp,67,G4,40.336363636363636,40.60227272727273,0.26590909090909065,0.697327,533,67,40.330729166666664,0.005634469696971678,0
n340,340,already_correct_tp,50,D3,40.61363636363636,40.75454545454545,0.14090909090909065,0.623254,537,50,40.578125,0.03551136363635976,0
n341,341,already_correct_tp,70,A#4,40.70681818181818,40.85909090909091,0.1522727272727309,0.715152,538,70,40.74348958333333,0.03667140151515014,0
n342,342,already_correct_tp,55,G3,40.72954545454545,40.975,0.2454545454545496,0.624153,539,55,40.72395833333333,0.005587121212123236,0
n343,343,already_correct_tp,70,A#4,40.87045454545454,41.02045454545454,0.14999999999999858,0.683793,540,70,40.869791666666664,0.000662878787878185,0
n344,345,already_correct_tp,53,F3,41.02045454545454,41.20681818181818,0.1863636363636374,0.655938,542,53,41.00520833333333,0.015246212121212466,0
n345,344,spurious_or_timing_fp,65,F4,41.02045454545454,41.17045454545455,0.15000000000000568,0.387966,,,,,
n346,346,already_correct_tp,69,A4,41.02045454545454,41.20681818181818,0.1863636363636374,0.665749,541,69,41.015625,0.004829545454541062,0
n347,348,already_correct_tp,65,F4,41.17045454545455,41.48409090909091,0.3136363636363626,0.650025,545,65,41.154947916666664,0.015506628787882448,0
n348,347,already_correct_tp,74,D5,41.17045454545455,41.43863636363636,0.26818181818181586,0.71045,543,74,41.15625,0.014204545454546746,0
n349,350,already_correct_tp,62,D4,41.554545454545455,41.87045454545454,0.3159090909090878,0.693461,550,62,41.549479166666664,0.0050662878787903765,0
n350,349,already_correct_tp,77,F5,41.57727272727273,41.82272727272727,0.24545454545454248,0.667172,548,77,41.56770833333333,0.009564393939399451,0
n351,351,already_correct_tp,60,C4,41.845454545454544,41.99772727272727,0.15227272727272378,0.806426,554,60,41.854166666666664,0.008712121212120394,0
n352,352,already_correct_tp,81,A5,41.97272727272727,42.22954545454545,0.2568181818181827,0.581549,552,81,41.98177083333333,0.009043560606059486,0
n353,353,spurious_or_timing_fp,60,C4,41.99772727272727,42.252272727272725,0.2545454545454575,0.747933,,,,,
n354,354,already_correct_tp,59,B3,42.252272727272725,42.42727272727272,0.17499999999999716,0.688184,556,59,42.240885416666664,0.011387310606060908,0
n355,356,already_correct_tp,57,A3,42.39090909090909,42.72954545454545,0.3386363636363612,0.673368,559,57,42.38020833333333,0.010700757575762054,0
n356,355,already_correct_tp,84,C6,42.39090909090909,42.625,0.23409090909090935,0.527705,557,84,42.39453125,0.0036221590909093493,0
n357,357,already_correct_tp,59,B3,42.67045454545455,42.809090909090905,0.13863636363635834,0.684586,561,59,42.658854166666664,0.011600378787882448,0
n358,359,already_correct_tp,60,C4,42.809090909090905,43.08863636363636,0.2795454545454561,0.790738,564,60,42.80208333333333,0.00700757575757649,0
n359,358,already_correct_tp,81,A5,42.809090909090905,43.04090909090909,0.23181818181818414,0.479578,562,81,42.8046875,0.004403409090905086,0
n360,360,already_correct_tp,57,A3,43.054545454545455,43.20454545454545,0.14999999999999858,0.601929,565,57,43.053385416666664,0.0011600378787903765,0
n361,361,uncorrectable_pitch_error_gt_2,60,C4,43.08863636363636,43.22727272727273,0.13863636363636545,0.590653,566,79,43.0859375,0.0026988636363611818,19
n362,365,already_correct_tp,62,D4,43.22727272727273,43.668181818181814,0.4409090909090878,0.713499,573,62,43.22005208333333,0.00722064393939803,0
n363,362,already_correct_tp,50,D3,43.23863636363636,43.425,0.1863636363636374,0.668432,568,50,43.23567708333333,0.0029592803030311643,0
n364,363,already_correct_tp,74,D5,43.48409090909091,43.62272727272727,0.13863636363635834,0.467724,571,74,43.50390625,0.01981534090909065,0
n365,364,already_correct_tp,52,E3,43.50681818181818,43.64545454545454,0.13863636363635834,0.643946,570,52,43.48958333333333,0.017234848484854126,0
n366,366,already_correct_tp,57,A3,43.668181818181814,43.809090909090905,0.14090909090909065,0.547361,574,57,43.658854166666664,0.009327651515150137,0
n367,367,already_correct_tp,59,B3,43.668181818181814,43.87954545454545,0.21136363636363598,0.543819,575,59,43.65755208333333,0.010629734848485839,0
n368,369,uncorrectable_pitch_error_gt_2,62,D4,43.668181818181814,44.02954545454545,0.36136363636363455,0.474652,572,72,43.651041666666664,0.017140151515150137,10
n369,368,already_correct_tp,71,B4,43.76363636363636,43.902272727272724,0.13863636363636545,0.657859,576,71,43.787760416666664,0.02412405303030596,0
n370,370,already_correct_tp,69,A4,43.925,44.07727272727273,0.1522727272727309,0.698047,577,69,43.92708333333333,0.0020833333333314386,0
n371,374,already_correct_tp,57,A3,44.111363636363635,44.54090909090909,0.4295454545454547,0.694753,579,57,44.11458333333333,0.0032196969696940414,0
n372,371,already_correct_tp,71,B4,44.111363636363635,44.35454545454545,0.24318181818181728,0.494961,581,71,44.111979166666664,0.0006155303030297432,0
n373,373,already_correct_tp,64,E4,44.12272727272727,44.402272727272724,0.2795454545454561,0.418722,578,64,44.1015625,0.02116477272726769,0
n374,372,already_correct_tp,52,E3,44.13409090909091,44.402272727272724,0.26818181818181586,0.674159,580,52,44.139322916666664,0.00523200757575637,0
n375,376,already_correct_tp,52,E3,44.402272727272724,44.668181818181814,0.26590909090909065,0.665691,582,52,44.390625,0.011647727272723785,0
n376,375,spurious_or_timing_fp,64,E4,44.402272727272724,44.55227272727272,0.14999999999999858,0.392314,,,,,
n377,377,already_correct_tp,57,A3,44.54090909090909,44.820454545454545,0.2795454545454561,0.721368,583,57,44.5390625,0.0018465909090892296,0
n378,378,already_correct_tp,64,E4,44.77272727272727,44.93636363636364,0.16363636363636402,0.57598,586,64,44.80598958333333,0.03326231060605522,0
n379,379,already_correct_tp,56,G#3,44.820454545454545,44.970454545454544,0.14999999999999858,0.677567,585,56,44.8046875,0.015767045454545325,0
n380,381,already_correct_tp,60,C4,44.959090909090904,45.25,0.29090909090909634,0.736165,589,60,44.955729166666664,0.0033617424242393668,0
n381,380,already_correct_tp,69,A4,44.959090909090904,45.224999999999994,0.26590909090909065,0.745968,587,69,44.955729166666664,0.0033617424242393668,0
n382,382,already_correct_tp,68,G#4,45.224999999999994,45.377272727272725,0.1522727272727309,0.664013,590,68,45.221354166666664,0.0036458333333300175,0
n383,383,already_correct_tp,59,B3,45.25,45.4,0.14999999999999858,0.675641,591,59,45.244791666666664,0.005208333333335702,0
n384,385,already_correct_tp,57,A3,45.377272727272725,45.668181818181814,0.29090909090908923,0.693696,594,57,45.36067708333333,0.01659564393939661,0
n385,384,already_correct_tp,72,C5,45.38863636363636,45.63181818181818,0.24318181818182438,0.555106,592,72,45.377604166666664,0.011032196969694041,0
n386,386,already_correct_tp,55,G3,45.63181818181818,45.77272727272727,0.14090909090909065,0.631997,595,55,45.619791666666664,0.012026515151518424,0
n387,388,already_correct_tp,60,C4,45.76136363636363,46.168181818181814,0.4068181818181813,0.706161,600,60,45.764322916666664,0.0029592803030311643,0
n388,387,already_correct_tp,76,E5,45.78409090909091,46.05227272727272,0.26818181818181586,0.668162,597,76,45.787760416666664,0.003669507575757791,0
n389,390,already_correct_tp,58,A#3,46.06363636363636,46.538636363636364,0.4750000000000014,0.673477,603,58,46.06380208333333,0.00016571969696599353,0
n390,389,already_correct_tp,79,G5,46.19090909090909,46.42272727272727,0.23181818181818414,0.569095,601,79,46.194010416666664,0.0031013257575764897,0
n391,391,already_correct_tp,78,F#5,46.45681818181818,46.59772727272727,0.14090909090909065,0.607184,605,78,46.455729166666664,0.001089015151514161,0
n392,392,already_correct_tp,82,A#5,46.59772727272727,46.81818181818181,0.2204545454545439,0.467134,606,82,46.6015625,0.00383522727273089,0
n393,393,already_correct_tp,67,G4,46.60909090909091,47.027272727272724,0.41818181818181444,0.74509,610,67,46.611979166666664,0.002888257575754949,0
n394,396,already_correct_tp,65,F4,46.88636363636363,47.31590909090909,0.4295454545454547,0.560215,612,65,46.8828125,0.003551136363633134,0
n395,394,spurious_or_timing_fp,67,G4,47.027272727272724,47.25909090909091,0.23181818181818414,0.605145,,,,,
n396,395,already_correct_tp,86,D6,47.027272727272724,47.25909090909091,0.23181818181818414,0.45333,609,86,47.02083333333333,0.006439393939395188,0
n397,397,already_correct_tp,85,C#6,47.25909090909091,47.39772727272727,0.13863636363636545,0.636789,614,85,47.276041666666664,0.01695075757575637,0
n398,398,already_correct_tp,50,D3,47.434090909090905,47.66590909090909,0.23181818181818414,0.604405,615,50,47.44661458333333,0.01252367424242351,0
n399,400,already_correct_tp,62,D4,47.434090909090905,47.85227272727273,0.41818181818182154,0.726098,623,62,47.43098958333333,0.0031013257575764897,0
n400,399,already_correct_tp,89,F6,47.445454545454545,47.67727272727272,0.23181818181817704,0.388776,616,89,47.4375,0.007954545454545325,0
n401,401,already_correct_tp,53,F3,47.85227272727273,48.084090909090904,0.23181818181817704,0.679675,621,53,47.84765625,0.004616477272726627,0
n402,403,spurious_or_timing_fp,62,D4,47.85227272727273,48.143181818181816,0.29090909090908923,0.685268,,,,,
n403,402,already_correct_tp,86,D6,47.85227272727273,48.095454545454544,0.24318181818181728,0.442497,620,86,47.850260416666664,0.0020123106060623286,0
n404,404,already_correct_tp,50,D3,48.143181818181816,48.293181818181814,0.14999999999999858,0.623557,625,50,48.13802083333333,0.00516098484848726,0
n405,405,uncorrectable_pitch_error_gt_2,62,D4,48.143181818181816,48.293181818181814,0.14999999999999858,0.589092,624,84,48.139322916666664,0.003858901515151558,22
n406,406,already_correct_tp,55,G3,48.293181818181814,48.45681818181818,0.16363636363636402,0.63872,627,55,48.2890625,0.004119318181814435,0
n407,408,already_correct_tp,62,D4,48.293181818181814,48.711363636363636,0.41818181818182154,0.711381,637,62,48.2890625,0.004119318181814435,0
n408,407,already_correct_tp,53,F3,48.445454545454545,48.62954545454545,0.18409090909090509,0.637423,629,53,48.432291666666664,0.013162878787881027,0
n409,409,already_correct_tp,50,D3,48.711363636363636,48.99090909090909,0.2795454545454561,0.557035,633,50,48.70703125,0.004332386363635976,0
n410,410,uncorrectable_pitch_error_gt_2,62,D4,48.711363636363636,49.025,0.3136363636363626,0.389229,634,79,48.697916666666664,0.013446969696971678,17
n411,411,already_correct_tp,77,F5,48.793181818181814,49.03636363636363,0.24318181818181728,0.339202,635,77,48.7890625,0.004119318181814435,0
n412,412,already_correct_tp,50,D3,48.99090909090909,49.12954545454545,0.13863636363635834,0.63128,640,50,48.98046875,0.010440340909092072,0
n413,420,already_correct_tp,48,C3,49.14090909090909,50.002272727272725,0.8613636363636346,0.671676,653,48,49.1328125,0.00809659090909065,0
n414,413,uncorrectable_pitch_error_gt_2,60,C4,49.14090909090909,49.304545454545455,0.16363636363636402,0.532287,641,84,49.143229166666664,0.0023200757575736475,24
n415,421,already_correct_tp,60,C4,49.304545454545455,50.002272727272725,0.6977272727272705,0.467967,643,60,49.295572916666664,0.008972537878790376,0
n416,414,already_correct_tp,72,C5,49.304545454545455,49.45454545454545,0.14999999999999858,0.393025,644,72,49.283854166666664,0.020691287878790376,0
n417,415,already_correct_tp,57,A3,49.53636363636363,49.67727272727272,0.14090909090909065,0.553307,648,57,49.5625,0.026136363636368287,0
n418,416,already_correct_tp,77,F5,49.54772727272727,49.711363636363636,0.16363636363636402,0.461187,647,77,49.541666666666664,0.006060606060607654,0
n419,417,already_correct_tp,79,G5,49.59318181818182,49.768181818181816,0.17499999999999716,0.256611,649,79,49.584635416666664,0.0085464015151544,0
n420,418,already_correct_tp,55,G3,49.652272727272724,49.81590909090909,0.16363636363636402,0.552439,652,55,49.690104166666664,0.037831439393940514,0
n421,419,already_correct_tp,53,F3,49.81590909090909,49.990909090909085,0.17499999999999716,0.662858,654,53,49.81640625,0.0004971590909121915,0
n422,428,already_correct_tp,48,C3,50.002272727272725,50.69772727272727,0.6954545454545453,0.704234,665,48,50.002604166666664,0.0003314393939390925,0
n423,422,uncorrectable_pitch_error_gt_2,60,C4,50.002272727272725,50.152272727272724,0.14999999999999858,0.533794,656,79,49.99609375,0.006178977272725206,19
n424,427,already_correct_tp,60,C4,50.152272727272724,50.68636363636364,0.5340909090909136,0.4638,658,60,50.15364583333333,0.0013731060606048118,0
n425,423,already_correct_tp,57,A3,50.37272727272727,50.51136363636363,0.13863636363636545,0.53416,662,57,50.40364583333333,0.030918560606060908,0
n426,424,already_correct_tp,77,F5,50.40681818181818,50.570454545454545,0.16363636363636402,0.427144,661,77,50.40364583333333,0.003172348484852705,0
n427,425,already_correct_tp,79,G5,50.44318181818181,50.627272727272725,0.1840909090909122,0.241053,663,79,50.447916666666664,0.004734848484851284,0
n428,426,already_correct_tp,55,G3,50.53636363636363,50.68636363636364,0.15000000000000568,0.589148,666,55,50.55078125,0.014417613636368287,0
n429,429,already_correct_tp,53,F3,50.69772727272727,50.87272727272727,0.17499999999999716,0.572313,668,53,50.6953125,0.002414772727270531,0
n430,431,already_correct_tp,48,C3,50.965909090909086,51.418181818181814,0.45227272727272805,0.645953,671,48,50.96223958333333,0.003669507575757791,0
n431,430,uncorrectable_pitch_error_gt_2,60,C4,50.965909090909086,51.27954545454545,0.3136363636363626,0.535434,670,79,50.93489583333333,0.03101325757575779,19
n432,437,already_correct_tp,60,C4,51.27954545454545,52.30227272727272,1.0227272727272734,0.728424,688,60,51.268229166666664,0.011316287878784692,0
n433,432,already_correct_tp,70,A#4,51.418181818181814,51.55681818181818,0.13863636363636545,0.609871,673,70,51.436197916666664,0.018016098484849863,0
n434,433,already_correct_tp,76,E5,51.44090909090909,51.68636363636364,0.2454545454545496,0.606132,674,76,51.428385416666664,0.01252367424242351,0
n435,435,uncorrectable_pitch_error_gt_2,72,C5,51.590909090909086,51.94090909090909,0.3500000000000014,0.294846,675,76,51.584635416666664,0.006273674242422089,4
n436,434,already_correct_tp,69,A4,51.68636363636364,51.836363636363636,0.14999999999999858,0.652846,677,69,51.725260416666664,0.0388967803030269,0
n437,436,already_correct_tp,67,G4,51.87272727272727,52.01136363636363,0.13863636363636545,0.651164,678,67,51.88411458333333,0.011387310606060908,0
n438,438,already_correct_tp,82,A#5,52.29090909090909,52.52272727272727,0.23181818181818414,0.589419,686,82,52.29296875,0.0020596590909107704,0
n439,439,uncorrectable_pitch_error_gt_2,60,C4,52.30227272727272,52.56818181818181,0.26590909090909065,0.610865,685,64,52.28125,0.021022727272722364,4
n440,443,already_correct_tp,36,C2,52.836363636363636,53.461363636363636,0.625,0.713555,691,36,52.834635416666664,0.0017282196969716779,0
n441,444,already_correct_tp,48,C3,52.836363636363636,53.52045454545454,0.6840909090909051,0.502221,696,48,52.82552083333333,0.01084280303030738,0
n442,449,uncorrectable_pitch_error_gt_2,60,C4,52.836363636363636,54.393181818181816,1.5568181818181799,0.574271,699,84,52.83333333333333,0.0030303030303073797,24
n443,441,already_correct_tp,43,G2,52.85909090909091,53.345454545454544,0.48636363636363455,0.623389,693,43,52.83333333333333,0.025757575757580753,0
n444,440,already_correct_tp,40,E2,52.893181818181816,53.288636363636364,0.39545454545454817,0.537565,695,40,52.850260416666664,0.04292140151515156,0
n445,442,already_correct_tp,70,A#4,53.288636363636364,53.42727272727272,0.13863636363635834,0.602296,702,70,53.307291666666664,0.018655303030300274,0
n446,445,already_correct_tp,76,E5,53.31136363636363,53.57954545454545,0.26818181818182296,0.505305,701,76,53.29817708333333,0.013186553030301695,0
n447,446,already_correct_tp,69,A4,53.57954545454545,53.71818181818182,0.13863636363636545,0.651391,705,69,53.604166666666664,0.024621212121211045,0
n448,447,already_correct_tp,67,G4,53.70681818181818,53.84772727272727,0.14090909090909065,0.620098,706,67,53.73958333333333,0.03276515151515014,0
n449,448,already_correct_tp,79,G5,53.73181818181818,53.94090909090909,0.20909090909091077,0.274201,707,79,53.73046875,0.0013494318181770382,0
n450,450,already_correct_tp,82,A#5,54.14772727272727,54.40454545454545,0.2568181818181756,0.501342,713,82,54.14973958333333,0.002012310606055223,0
n451,455,already_correct_tp,43,G2,54.67045454545454,55.18181818181818,0.5113636363636402,0.651095,720,43,54.6796875,0.009232954545460359,0
n452,453,already_correct_tp,48,C3,54.68181818181818,55.13636363636363,0.45454545454545325,0.473582,723,48,54.66927083333333,0.012547348484851284,0
n453,454,uncorrectable_pitch_error_gt_2,60,C4,54.68181818181818,55.15909090909091,0.4772727272727266,0.400577,725,84,54.674479166666664,0.007339015151515582,24
n454,457,already_correct_tp,36,C2,54.695454545454545,55.275,0.5795454545454533,0.668933,721,36,54.6796875,0.015767045454545325,0
n455,451,already_correct_tp,72,C5,54.695454545454545,54.834090909090904,0.13863636363635834,0.355547,718,72,54.67317708333333,0.02227746212121673,0
n456,452,already_correct_tp,40,E2,54.72954545454545,55.06590909090909,0.336363636363636,0.523157,724,40,54.68880208333333,0.040743371212123236,0
n457,456,already_correct_tp,89,F6,54.98409090909091,55.19318181818181,0.20909090909090366,0.390315,727,89,54.98567708333333,0.001586174242419247,0
n458,458,already_correct_tp,70,A#4,55.125,55.29772727272727,0.17272727272727195,0.674326,728,70,55.11848958333333,0.006510416666671404,0
n459,459,already_correct_tp,74,D5,55.39090909090909,55.52954545454545,0.13863636363635834,0.636726,731,74,55.3828125,0.00809659090909065,0
n460,460,already_correct_tp,86,D6,55.39090909090909,55.64772727272727,0.2568181818181827,0.562964,732,86,55.390625,0.0002840909090906507,0
n461,461,already_correct_tp,72,C5,55.518181818181816,55.67045454545454,0.15227272727272378,0.609522,733,72,55.51692708333333,0.00125473484848726,0
n462,462,already_correct_tp,76,E5,55.63636363636363,55.775,0.13863636363636545,0.580141,735,76,55.6640625,0.027698863636366866,0
n463,463,already_correct_tp,69,A4,55.78636363636363,55.92727272727272,0.14090909090909065,0.669021,737,69,55.78125,0.005113636363631713,0
n464,464,already_correct_tp,81,A5,56.39090909090909,56.54090909090909,0.14999999999999858,0.61364,749,81,56.393229166666664,0.0023200757575736475,0
n465,471,already_correct_tp,60,C4,56.68181818181818,57.925,1.2431818181818173,0.683591,765,60,56.671875,0.00994318181817988,0
n466,465,already_correct_tp,72,C5,56.68181818181818,56.820454545454545,0.13863636363636545,0.473747,750,72,56.68359375,0.0017755681818201197,0
n467,466,already_correct_tp,76,E5,56.83181818181818,57.099999999999994,0.26818181818181586,0.651533,752,76,56.819010416666664,0.012807765151514161,0
n468,467,uncorrectable_pitch_error_gt_2,72,C5,56.99545454545454,57.20454545454545,0.20909090909091077,0.372367,753,76,56.984375,0.011079545454542483,4
n469,468,already_correct_tp,69,A4,57.086363636363636,57.23863636363636,0.15227272727272378,0.675249,755,69,57.115885416666664,0.029521780303028322,0
n470,469,already_correct_tp,79,G5,57.25,57.470454545454544,0.2204545454545439,0.29518,756,79,57.25130208333333,0.0013020833333285964,0
n471,470,already_correct_tp,82,A#5,57.65681818181818,57.877272727272725,0.2204545454545439,0.466873,763,82,57.66015625,0.0033380681818186986,0
n472,473,already_correct_tp,43,G2,58.19090909090909,58.51590909090909,0.32500000000000284,0.690937,772,43,58.19661458333333,0.005705492424240788,0
n473,477,already_correct_tp,48,C3,58.19090909090909,58.85227272727273,0.6613636363636388,0.468758,774,48,58.18489583333333,0.006013257575759212,0
n474,472,uncorrectable_pitch_error_gt_2,60,C4,58.19090909090909,58.50454545454545,0.3136363636363626,0.440829,773,79,58.19270833333333,0.0017992424242407878,19
n475,476,already_correct_tp,36,C2,58.20227272727272,58.79545454545454,0.5931818181818187,0.661448,769,36,58.19661458333333,0.005658143939392346,0
n476,474,already_correct_tp,40,E2,58.215909090909086,58.59772727272727,0.3818181818181827,0.598893,771,40,58.19270833333333,0.02320075757575779,0
n477,483,already_correct_tp,60,C4,58.50454545454545,59.74772727272727,1.2431818181818173,0.617069,792,60,58.4921875,0.012357954545450411,0
n478,475,uncorrectable_pitch_error_gt_2,43,G2,58.51590909090909,58.70227272727272,0.1863636363636303,0.531403,788,84,58.514322916666664,0.0015861742424263525,41
n479,478,already_correct_tp,76,E5,58.65681818181818,58.92272727272727,0.26590909090909065,0.583223,779,76,58.651041666666664,0.005776515151517003,0
n480,480,already_correct_tp,69,A4,58.92272727272727,59.086363636363636,0.16363636363636402,0.611387,782,69,58.95833333333333,0.035606060606056644,0
n481,479,already_correct_tp,77,F5,58.92272727272727,59.06136363636363,0.13863636363635834,0.556039,781,77,58.953125,0.030397727272728048,0
n482,482,already_correct_tp,79,G5,59.09772727272727,59.31818181818181,0.2204545454545439,0.311637,783,79,59.08723958333333,0.010487689393940514,0
n483,481,already_correct_tp,67,G4,59.10909090909091,59.24772727272727,0.13863636363635834,0.624405,784,67,59.109375,0.0002840909090906507,0
n484,484,already_correct_tp,82,A#5,59.51590909090909,59.74772727272727,0.23181818181817704,0.520564,790,82,59.506510416666664,0.009398674242426353,0
n485,485,already_correct_tp,81,A5,59.76136363636363,59.9,0.13863636363636545,0.558942,794,81,59.76171875,0.0003551136363668661,0
n486,491,already_correct_tp,36,C2,60.038636363636364,60.631818181818176,0.5931818181818116,0.704465,798,36,60.041666666666664,0.0030303030303002743,0
n487,489,already_correct_tp,48,C3,60.038636363636364,60.538636363636364,0.5,0.526715,799,48,60.02734375,0.011292613636364024,0
n488,487,uncorrectable_pitch_error_gt_2,60,C4,60.038636363636364,60.30681818181818,0.26818181818181586,0.420195,797,79,60.033854166666664,0.004782196969699726,19
n489,486,already_correct_tp,72,C5,60.038636363636364,60.224999999999994,0.1863636363636303,0.413198,795,72,60.033854166666664,0.004782196969699726,0
n490,488,already_correct_tp,43,G2,60.05,60.502272727272725,0.45227272727272805,0.638603,800,43,60.046875,0.003124999999997158,0
n491,490,already_correct_tp,89,F6,60.340909090909086,60.55,0.20909090909091077,0.427754,803,89,60.338541666666664,0.0023674242424220893,0
n492,492,already_correct_tp,70,A#4,60.47954545454545,60.65454545454545,0.17499999999999716,0.67659,804,70,60.47786458333333,0.001680871212123236,0
n493,493,already_correct_tp,74,D5,60.74772727272727,60.88636363636363,0.13863636363636545,0.663707,807,74,60.740885416666664,0.006841856060603391,0
n494,494,already_correct_tp,86,D6,60.74772727272727,60.897727272727266,0.14999999999999858,0.651711,808,86,60.74609375,0.0016335227272676889,0
n495,496,already_correct_tp,72,C5,60.897727272727266,61.095454545454544,0.19772727272727764,0.60252,809,72,60.88411458333333,0.013612689393937671,0
n496,495,already_correct_tp,86,D6,60.897727272727266,61.05,0.1522727272727309,0.57964,810,86,60.88802083333333,0.009706439393937671,0
n497,497,already_correct_tp,69,A4,61.11818181818182,61.27045454545454,0.15227272727272378,0.647496,812,69,61.143229166666664,0.02504734848484702,0
n498,498,already_correct_tp,70,A#4,61.304545454545455,61.44318181818181,0.13863636363635834,0.668401,817,70,61.31770833333333,0.013162878787873922,0
n499,499,already_correct_tp,72,C5,61.54772727272727,61.67727272727272,0.1295454545454504,0.576264,822,72,61.5625,0.014772727272728048,0
n500,500,already_correct_tp,65,F4,61.711363636363636,61.897727272727266,0.1863636363636303,0.502188,823,65,61.71614583333333,0.00478219696969262,0
n501,501,already_correct_tp,77,F5,61.711363636363636,62.002272727272725,0.29090909090908923,0.68117,824,77,61.71614583333333,0.00478219696969262,0
n502,502,already_correct_tp,57,A3,61.95681818181818,62.12954545454545,0.17272727272727195,0.692564,825,57,62.00390625,0.04708806818182154,0
n503,503,already_correct_tp,77,F5,62.002272727272725,62.22272727272727,0.2204545454545439,0.603977,826,77,62.00520833333333,0.0029356060606033907,0
n504,504,already_correct_tp,58,A#3,62.14090909090909,62.37272727272727,0.23181818181817704,0.687647,827,58,62.139322916666664,0.0015861742424263525,0
n505,505,already_correct_tp,67,G4,62.28181818181818,62.42045454545454,0.13863636363635834,0.717971,829,67,62.28255208333333,0.000733901515147295,0
n506,507,already_correct_tp,62,D4,62.40909090909091,62.58181818181818,0.17272727272727195,0.690096,830,62,62.40364583333333,0.005445075757577911,0
n507,506,already_correct_tp,74,D5,62.42045454545454,62.570454545454545,0.15000000000000568,0.398389,831,74,62.41015625,0.010298295454539641,0
n508,509,already_correct_tp,60,C4,62.559090909090905,62.80227272727272,0.24318181818181728,0.665222,832,60,62.55208333333333,0.00700757575757649,0
n509,508,already_correct_tp,74,D5,62.570454545454545,62.73409090909091,0.16363636363636402,0.600775,833,74,62.55859375,0.011860795454545325,0
n510,510,already_correct_tp,64,E4,62.663636363636364,62.80227272727272,0.13863636363635834,0.61911,834,64,62.678385416666664,0.014749053030300274,0
n511,511,already_correct_tp,72,C5,62.79090909090909,62.93181818181818,0.14090909090909065,0.577122,837,72,62.8125,0.02159090909091077,0
n512,512,already_correct_tp,57,A3,62.82727272727272,62.965909090909086,0.13863636363636545,0.697315,836,57,62.81380208333333,0.013470643939392346,0
n513,513,already_correct_tp,58,A#3,62.965909090909086,63.12954545454545,0.16363636363636402,0.654077,840,58,62.98958333333333,0.02367424242424221,0
n514,514,already_correct_tp,67,G4,62.965909090909086,63.23181818181818,0.26590909090909065,0.401328,838,67,62.951822916666664,0.01408617424242209,0
n515,517,already_correct_tp,69,A4,63.09318181818181,63.39545454545454,0.30227272727272947,0.491786,842,69,63.0859375,0.007244318181811593,0
n516,515,already_correct_tp,59,B3,63.23181818181818,63.37272727272727,0.14090909090909065,0.610165,843,59,63.221354166666664,0.01046401515151274,0
n517,516,already_correct_tp,67,G4,63.23181818181818,63.38409090909091,0.1522727272727309,0.648805,844,67,63.22786458333333,0.003953598484848442,0
n518,518,already_correct_tp,69,A4,63.39545454545454,63.570454545454545,0.17500000000000426,0.587301,849,69,63.38802083333333,0.007433712121212466,0
n519,519,already_correct_tp,41,F2,63.418181818181814,63.59318181818181,0.17499999999999716,0.618675,848,41,63.408854166666664,0.009327651515150137,0
n520,520,already_correct_tp,72,C5,63.559090909090905,63.68636363636363,0.1272727272727252,0.643638,852,72,63.5546875,0.004403409090905086,0
n521,522,spurious_or_timing_fp,48,C3,63.570454545454545,63.768181818181816,0.19772727272727053,0.412609,,,,,
n522,521,spurious_or_timing_fp,60,C4,63.59318181818181,63.756818181818176,0.16363636363636402,0.464271,,,,,
n523,523,already_correct_tp,36,C2,63.663636363636364,63.81363636363636,0.14999999999999858,0.450116,851,36,63.666666666666664,0.0030303030303002743,0
n524,524,already_correct_tp,69,A4,63.79090909090909,63.95454545454545,0.16363636363636402,0.606629,856,69,63.795572916666664,0.0046638257575750686,0
n525,526,already_correct_tp,53,F3,63.80227272727272,64.05909090909091,0.25681818181818983,0.452763,854,53,63.819010416666664,0.016737689393941935,0
n526,525,already_correct_tp,41,F2,63.81363636363636,64.02272727272727,0.20909090909090366,0.619355,857,41,63.83203125,0.018394886363637397,0
n527,527,already_correct_tp,72,C5,63.95454545454545,64.12727272727273,0.17272727272727195,0.663845,860,72,63.951822916666664,0.0027225378787889554,0
n528,529,uncorrectable_pitch_error_gt_2,60,C4,64.04772727272727,64.19772727272726,0.14999999999999147,0.420281,858,36,64.09375,0.04602272727272805,-24
n529,528,already_correct_tp,48,C3,64.05909090909091,64.19772727272726,0.13863636363635123,0.536241,859,48,64.08463541666666,0.025544507575745,0
n530,530,already_correct_tp,69,A4,64.23181818181818,64.39545454545454,0.16363636363635692,0.559069,865,69,64.22916666666666,0.002651515151526951,0
n531,532,already_correct_tp,41,F2,64.24318181818181,64.48863636363636,0.2454545454545496,0.663011,864,41,64.24869791666666,0.005516098484847021,0
n532,531,already_correct_tp,53,F3,64.24318181818181,64.47727272727272,0.23409090909090935,0.480299,862,53,64.23828125,0.004900568181810172,0
n533,533,already_correct_tp,72,C5,64.3840909090909,64.54545454545455,0.16136363636364592,0.653326,868,72,64.37890625,0.005184659090900823,0
n534,535,already_correct_tp,36,C2,64.51136363636364,64.67272727272727,0.1613636363636317,0.356856,867,36,64.51692708333333,0.005563446969688357,0
n535,534,uncorrectable_pitch_error_gt_2,60,C4,64.51136363636364,64.64999999999999,0.13863636363635123,0.460457,866,48,64.50911458333333,0.002249053030311643,-12
n536,536,already_correct_tp,69,A4,64.66136363636363,64.80227272727272,0.14090909090909065,0.461629,870,69,64.65625,0.005113636363631713,0
n537,537,already_correct_tp,53,F3,64.67272727272727,64.81363636363636,0.14090909090909065,0.433242,871,53,64.67317708333333,0.00044981060605664425,0
n538,538,already_correct_tp,41,F2,64.68636363636364,64.96363636363635,0.2772727272727167,0.636008,873,41,64.68098958333333,0.005374053030308801,0
n539,539,already_correct_tp,67,G4,64.825,64.98636363636363,0.1613636363636317,0.586158,874,67,64.81901041666666,0.005989583333345649,0
n540,540,already_correct_tp,76,E5,64.825,64.98636363636363,0.1613636363636317,0.606035,875,76,64.81640625,0.008593750000002842,0
n541,541,already_correct_tp,36,C2,65.02272727272727,65.24318181818181,0.2204545454545439,0.372295,877,36,65.01432291666666,0.008404356060609075,0
n542,542,already_correct_tp,48,C3,65.02272727272727,65.24318181818181,0.2204545454545439,0.498627,876,48,65.00911458333333,0.013612689393937671,0
n543,543,spurious_or_timing_fp,41,F2,65.19545454545454,65.33636363636363,0.14090909090909065,0.319142,,,,,
n544,545,already_correct_tp,41,F2,65.34772727272727,66.99772727272727,1.6500000000000057,0.701223,881,41,65.34244791666666,0.005279356060611917,0
n545,544,already_correct_tp,53,F3,65.34772727272727,66.67272727272727,1.3250000000000028,0.427102,879,53,65.34505208333333,0.0026751893939405136,0
n546,547,spurious_or_timing_fp,41,F2,67.25227272727273,68.53181818181818,1.279545454545456,0.738865,,,,,
n547,546,spurious_or_timing_fp,53,F3,68.18181818181817,68.51818181818182,0.3363636363636431,0.424938,,,,,
